record_id	record_name	field	url	outcome	http_status	final_url	content_type	page_title	error	checked_at
rca-aider	Aider	links.docs	https://aider.chat	reachable	206	https://aider.chat	text/html	Aider - AI Pair Programming in Your Terminal		2026-07-14T07:10:57+00:00
rca-aider	Aider	links.pricing	https://github.com/Aider-AI/aider	reachable	206	https://github.com/Aider-AI/aider	text/html	GitHub - Aider-AI/aider: aider is AI pair programming in your terminal · GitHub		2026-07-14T07:11:03+00:00
rca-aider	Aider	links.privacy	https://aider.chat/docs/legal/privacy.html	reachable	206	https://aider.chat/docs/legal/privacy.html	text/html	Privacy policy | aider		2026-07-14T07:10:57+00:00
rca-aider	Aider	sources[0]	https://aider.chat/docs/legal/privacy.html	reachable	206	https://aider.chat/docs/legal/privacy.html	text/html	Privacy policy | aider		2026-07-14T07:10:57+00:00
rca-aider	Aider	sources[1]	https://aider.chat/docs/more/analytics.html	reachable	206	https://aider.chat/docs/more/analytics.html	text/html	Analytics | aider		2026-07-14T07:10:57+00:00
rca-aider	Aider	sources[2]	https://github.com/Aider-AI/aider	reachable	206	https://github.com/Aider-AI/aider	text/html	GitHub - Aider-AI/aider: aider is AI pair programming in your terminal · GitHub		2026-07-14T07:11:03+00:00
rca-amp	Amp	links.docs	https://ampcode.com/manual	reachable	200	https://ampcode.com/manual	text/html	Amp		2026-07-14T07:10:57+00:00
rca-amp	Amp	links.pricing	https://ampcode.com/manual#pricing	reachable	200	https://ampcode.com/manual	text/html	Amp		2026-07-14T07:10:57+00:00
rca-amp	Amp	links.privacy	https://ampcode.com/privacy-policy	reachable	200	https://ampcode.com/privacy-policy	text/html	Amp		2026-07-14T07:10:57+00:00
rca-amp	Amp	sources[0]	https://ampcode.com/security	reachable	200	https://ampcode.com/security	text/html	Amp		2026-07-14T07:10:57+00:00
rca-amp	Amp	sources[1]	https://ampcode.com/privacy-policy	reachable	200	https://ampcode.com/privacy-policy	text/html	Amp		2026-07-14T07:10:57+00:00
rca-amp	Amp	sources[2]	https://ampcode.com/terms	reachable	200	https://ampcode.com/terms	text/html	Amp		2026-07-14T07:10:57+00:00
rca-amp	Amp	sources[3]	https://ampcode.com/manual#pricing	reachable	200	https://ampcode.com/manual	text/html	Amp		2026-07-14T07:10:57+00:00
rca-amp	Amp	sources[4]	https://ampcode.com/manual	reachable	200	https://ampcode.com/manual	text/html	Amp		2026-07-14T07:10:57+00:00
rca-amp	Amp	sources[5]	https://ampcode.com/news/drop-the-neo	reachable	200	https://ampcode.com/news/drop-the-neo	text/html	Amp		2026-07-14T07:10:57+00:00
rca-augment-code	Augment Code	links.docs	https://docs.augmentcode.com/cli/overview	reachable	200	https://docs.augmentcode.com/cli/overview	text/html	Introducing Auggie CLI - Augment		2026-07-14T07:10:59+00:00
rca-augment-code	Augment Code	links.pricing	https://www.augmentcode.com/pricing	reachable	200	https://www.augmentcode.com/pricing	text/html	Augment Code Pricing - Plans for Teams and Enterprise | Augment Code		2026-07-14T07:11:12+00:00
rca-augment-code	Augment Code	links.privacy	https://www.augmentcode.com/legal/privacy-policy	reachable	200	https://www.augmentcode.com/legal/privacy-policy	text/html	Privacy Policy v1.2 | Augment Code		2026-07-14T07:11:12+00:00
rca-augment-code	Augment Code	sources[0]	https://www.augmentcode.com/security	reachable	200	https://www.augmentcode.com/security	text/html	Security & Privacy | Augment Code		2026-07-14T07:11:13+00:00
rca-augment-code	Augment Code	sources[1]	https://www.augmentcode.com/legal/privacy-policy	reachable	200	https://www.augmentcode.com/legal/privacy-policy	text/html	Privacy Policy v1.2 | Augment Code		2026-07-14T07:11:12+00:00
rca-augment-code	Augment Code	sources[2]	https://trust.augmentcode.com	reachable	200	https://trust.augmentcode.com	text/html	Augment Computing, Inc.'s Cyberbase Trust Center		2026-07-14T07:11:12+00:00
rca-augment-code	Augment Code	sources[3]	https://www.augmentcode.com/pricing	reachable	200	https://www.augmentcode.com/pricing	text/html	Augment Code Pricing - Plans for Teams and Enterprise | Augment Code		2026-07-14T07:11:12+00:00
rca-augment-code	Augment Code	sources[4]	https://docs.augmentcode.com/cli/overview	reachable	200	https://docs.augmentcode.com/cli/overview	text/html	Introducing Auggie CLI - Augment		2026-07-14T07:10:59+00:00
rca-augment-code	Augment Code	sources[5]	https://www.augmentcode.com/product/cli	reachable	200	https://www.augmentcode.com/product/cli	text/html	Auggie CLI - AI Coding Agent for Your Terminal | Augment Code		2026-07-14T07:11:12+00:00
rca-augment-code	Augment Code	sources[6]	https://www.augmentcode.com/contact	reachable	200	https://www.augmentcode.com/contact	text/html	Augment Code | AI coding platform for real software.		2026-07-14T07:11:12+00:00
rca-chatgpt-advanced-data-analysis	ChatGPT Data Analysis	links.docs	https://help.openai.com/en/articles/8437071-advanced-data-analysis-chatgpt	restricted	403	https://help.openai.com/en/articles/8437071-advanced-data-analysis-chatgpt	text/html		HTTPError	2026-07-14T07:11:06+00:00
rca-chatgpt-advanced-data-analysis	ChatGPT Data Analysis	links.pricing	https://openai.com/chatgpt/pricing	restricted	403	https://openai.com/chatgpt/pricing	text/html		HTTPError	2026-07-14T07:11:10+00:00
rca-chatgpt-advanced-data-analysis	ChatGPT Data Analysis	links.privacy	https://openai.com/business-data/	restricted	403	https://openai.com/business-data/	text/html		HTTPError	2026-07-14T07:11:10+00:00
rca-chatgpt-advanced-data-analysis	ChatGPT Data Analysis	sources[0]	https://help.openai.com/en/articles/8437071-advanced-data-analysis-chatgpt	restricted	403	https://help.openai.com/en/articles/8437071-advanced-data-analysis-chatgpt	text/html		HTTPError	2026-07-14T07:11:06+00:00
rca-chatgpt-advanced-data-analysis	ChatGPT Data Analysis	sources[1]	https://openai.com/business-data/	restricted	403	https://openai.com/business-data/	text/html		HTTPError	2026-07-14T07:11:10+00:00
rca-chatgpt-advanced-data-analysis	ChatGPT Data Analysis	sources[2]	https://help.openai.com/en/articles/9903489-eu-data-residency	restricted	403	https://help.openai.com/en/articles/9903489-eu-data-residency	text/html		HTTPError	2026-07-14T07:11:06+00:00
rca-chatgpt-advanced-data-analysis	ChatGPT Data Analysis	sources[3]	https://openai.com/chatgpt/pricing	restricted	403	https://openai.com/chatgpt/pricing	text/html		HTTPError	2026-07-14T07:11:10+00:00
rca-chatgpt-advanced-data-analysis	ChatGPT Data Analysis	sources[4]	https://help.openai.com/en/articles/20001052-library	restricted	403	https://help.openai.com/en/articles/20001052-library	text/html		HTTPError	2026-07-14T07:11:06+00:00
rca-claude-code	Claude Code	links.docs	https://code.claude.com/docs/en/overview	reachable	200	https://code.claude.com/docs/en/overview	text/html	Overview - Claude Code Docs		2026-07-14T07:10:57+00:00
rca-claude-code	Claude Code	links.pricing	https://claude.com/pricing	reachable	200	https://claude.com/pricing	text/html	Plans & Pricing | Claude by Anthropic		2026-07-14T07:10:57+00:00
rca-claude-code	Claude Code	links.privacy	https://privacy.claude.com/en/	reachable	200	https://privacy.claude.com/en/	text/html	Home | Anthropic Privacy Center		2026-07-14T07:11:11+00:00
rca-claude-code	Claude Code	sources[0]	https://code.claude.com/docs/en/data-usage	reachable	200	https://code.claude.com/docs/en/data-usage	text/html	Data usage - Claude Code Docs		2026-07-14T07:10:57+00:00
rca-claude-code	Claude Code	sources[1]	https://code.claude.com/docs/en/zero-data-retention	reachable	200	https://code.claude.com/docs/en/zero-data-retention	text/html	Zero data retention - Claude Code Docs		2026-07-14T07:10:58+00:00
rca-claude-code	Claude Code	sources[2]	https://code.claude.com/docs/en/legal-and-compliance	reachable	200	https://code.claude.com/docs/en/legal-and-compliance	text/html	Legal and compliance - Claude Code Docs		2026-07-14T07:10:57+00:00
rca-claude-code	Claude Code	sources[3]	https://privacy.claude.com/en/articles/10015870-what-certifications-has-anthropic-obtained	reachable	200	https://privacy.claude.com/en/articles/10015870-what-certifications-has-anthropic-obtained	text/html	What Certifications has Anthropic obtained? | Anthropic Privacy Center		2026-07-14T07:11:11+00:00
rca-cline	Cline	links.docs	https://docs.cline.bot/cline-overview	reachable	200	https://docs.cline.bot/cline-overview	text/html	Cline Overview - Cline		2026-07-14T07:10:59+00:00
rca-cline	Cline	links.pricing	https://cline.bot/pricing	reachable	200	https://cline.bot/pricing	text/html	Pricing - Cline AI Coding Agent		2026-07-14T07:10:57+00:00
rca-cline	Cline	links.privacy	https://cline.bot/privacy	reachable	200	https://cline.bot/privacy	text/html	Cline - AI Coding, Open Source and Uncompromised		2026-07-14T07:10:57+00:00
rca-cline	Cline	sources[0]	https://cline.bot/pricing	reachable	200	https://cline.bot/pricing	text/html	Pricing - Cline AI Coding Agent		2026-07-14T07:10:57+00:00
rca-cline	Cline	sources[1]	https://cline.bot/tos	reachable	200	https://cline.bot/tos	text/html	Cline - AI Coding, Open Source and Uncompromised		2026-07-14T07:10:57+00:00
rca-cline	Cline	sources[2]	https://cline.bot/privacy	reachable	200	https://cline.bot/privacy	text/html	Cline - AI Coding, Open Source and Uncompromised		2026-07-14T07:10:57+00:00
rca-cline	Cline	sources[3]	https://cline.bot/enterprise	reachable	200	https://cline.bot/enterprise	text/html	Cline Enterprise - AI Coding Agent for Teams		2026-07-14T07:10:57+00:00
rca-cline	Cline	sources[4]	https://docs.cline.bot/running-models-locally/overview	reachable	200	https://docs.cline.bot/running-models-locally/overview	text/html	Local models - Cline		2026-07-14T07:10:59+00:00
rca-cline	Cline	sources[5]	https://github.com/cline/cline	reachable	206	https://github.com/cline/cline	text/html	GitHub - cline/cline: Autonomous coding agent as an SDK, IDE extension, or CLI assistant. · GitHub		2026-07-14T07:11:04+00:00
rca-crush	Crush	links.docs	https://github.com/charmbracelet/crush	reachable	206	https://github.com/charmbracelet/crush	text/html	GitHub - charmbracelet/crush: Glamourous agentic coding for all 💘 · GitHub		2026-07-14T07:11:04+00:00
rca-crush	Crush	links.pricing	https://hyper.charm.land	reachable	200	https://hyper.charm.land	text/html	Charm™ Hyper — Built for Coding Agents		2026-07-14T07:11:06+00:00
rca-crush	Crush	links.privacy	https://hyper.charm.land/privacy	reachable	200	https://hyper.charm.land/privacy	text/html	Privacy Policy — Charm™ Hyper		2026-07-14T07:11:06+00:00
rca-crush	Crush	sources[0]	https://hyper.charm.land/privacy	reachable	200	https://hyper.charm.land/privacy	text/html	Privacy Policy — Charm™ Hyper		2026-07-14T07:11:06+00:00
rca-crush	Crush	sources[1]	https://hyper.charm.land	reachable	200	https://hyper.charm.land	text/html	Charm™ Hyper — Built for Coding Agents		2026-07-14T07:11:06+00:00
rca-crush	Crush	sources[2]	https://github.com/charmbracelet/crush	reachable	206	https://github.com/charmbracelet/crush	text/html	GitHub - charmbracelet/crush: Glamourous agentic coding for all 💘 · GitHub		2026-07-14T07:11:04+00:00
rca-crush	Crush	sources[3]	https://github.com/charmbracelet/crush/releases	reachable	206	https://github.com/charmbracelet/crush/releases	text/html	Releases · charmbracelet/crush · GitHub		2026-07-14T07:11:04+00:00
rca-cursor	Cursor	links.docs	https://cursor.com/docs	reachable	200	https://cursor.com/docs	text/html	Cursor Docs — Agent, Rules, MCP, Skills & CLI		2026-07-14T07:10:59+00:00
rca-cursor	Cursor	links.pricing	https://cursor.com/pricing	reachable	200	https://cursor.com/pricing	text/html	Cursor · Pricing		2026-07-14T07:10:59+00:00
rca-cursor	Cursor	links.privacy	https://cursor.com/privacy	reachable	200	https://cursor.com/privacy	text/html	Cursor · Privacy Policy		2026-07-14T07:10:59+00:00
rca-cursor	Cursor	sources[0]	https://cursor.com/data-use	reachable	200	https://cursor.com/data-use	text/html	Cursor · Data Use & Privacy Overview		2026-07-14T07:10:59+00:00
rca-cursor	Cursor	sources[1]	https://cursor.com/security	reachable	200	https://cursor.com/security	text/html	Cursor · Security		2026-07-14T07:10:59+00:00
rca-cursor	Cursor	sources[2]	https://cursor.com/privacy	reachable	200	https://cursor.com/privacy	text/html	Cursor · Privacy Policy		2026-07-14T07:10:59+00:00
rca-cursor	Cursor	sources[3]	https://cursor.com/terms/dpa	reachable	200	https://cursor.com/terms/dpa	text/html	Cursor · Data Processing Addendum		2026-07-14T07:10:59+00:00
rca-cursor	Cursor	sources[4]	https://cursor.com/pricing	reachable	200	https://cursor.com/pricing	text/html	Cursor · Pricing		2026-07-14T07:10:59+00:00
rca-cursor	Cursor	sources[5]	https://cursor.com/students	reachable	200	https://cursor.com/students	text/html	Cursor · Students		2026-07-14T07:10:59+00:00
rca-databricks-genie-code	Databricks Genie Code	links.docs	https://docs.databricks.com/aws/en/genie-code/	reachable	206	https://docs.databricks.com/aws/en/genie-code/	text/html	Genie Code | Databricks on AWS		2026-07-14T07:11:00+00:00
rca-databricks-genie-code	Databricks Genie Code	links.pricing	https://www.databricks.com/product/pricing/genie	reachable	206	https://www.databricks.com/product/pricing/genie	text/html			2026-07-14T07:11:13+00:00
rca-databricks-genie-code	Databricks Genie Code	links.privacy	https://docs.databricks.com/aws/en/databricks-ai/databricks-ai-trust	reachable	206	https://docs.databricks.com/aws/en/databricks-ai/databricks-ai-trust	text/html	Databricks AI assistive features trust and safety | Databricks on AWS		2026-07-14T07:11:00+00:00
rca-databricks-genie-code	Databricks Genie Code	sources[0]	https://docs.databricks.com/aws/en/genie-code	reachable	206	https://docs.databricks.com/aws/en/genie-code	text/html	Genie Code | Databricks on AWS		2026-07-14T07:11:00+00:00
rca-databricks-genie-code	Databricks Genie Code	sources[1]	https://docs.databricks.com/aws/en/genie/budgets	reachable	206	https://docs.databricks.com/aws/en/genie/budgets	text/html	Manage budgets and cost controls for Genie | Databricks on AWS		2026-07-14T07:11:00+00:00
rca-databricks-genie-code	Databricks Genie Code	sources[2]	https://www.databricks.com/product/pricing/genie	reachable	206	https://www.databricks.com/product/pricing/genie	text/html			2026-07-14T07:11:13+00:00
rca-databricks-genie-code	Databricks Genie Code	sources[3]	https://docs.databricks.com/aws/en/databricks-ai/databricks-ai-trust	reachable	206	https://docs.databricks.com/aws/en/databricks-ai/databricks-ai-trust	text/html	Databricks AI assistive features trust and safety | Databricks on AWS		2026-07-14T07:11:00+00:00
rca-databricks-genie-code	Databricks Genie Code	sources[4]	https://docs.databricks.com/aws/en/security/privacy/hipaa	reachable	206	https://docs.databricks.com/aws/en/security/privacy/hipaa	text/html	HIPAA | Databricks on AWS		2026-07-14T07:11:00+00:00
rca-deepnote	Deepnote	links.docs	https://deepnote.com/docs	reachable	206	https://deepnote.com/docs/getting-started	text/html	Welcome to Deepnote - Deepnote docs		2026-07-14T07:10:59+00:00
rca-deepnote	Deepnote	links.pricing	https://deepnote.com/pricing	reachable	206	https://deepnote.com/pricing	text/html	Deepnote Pricing		2026-07-14T07:10:59+00:00
rca-deepnote	Deepnote	links.privacy	https://deepnote.com/docs/ai-data-privacy	reachable	206	https://deepnote.com/docs/ai-data-privacy	text/html	Data privacy - Deepnote docs		2026-07-14T07:10:59+00:00
rca-deepnote	Deepnote	sources[0]	https://deepnote.com/docs/ai-data-privacy	reachable	206	https://deepnote.com/docs/ai-data-privacy	text/html	Data privacy - Deepnote docs		2026-07-14T07:10:59+00:00
rca-deepnote	Deepnote	sources[1]	https://deepnote.com/pricing	reachable	206	https://deepnote.com/pricing	text/html	Deepnote Pricing		2026-07-14T07:10:59+00:00
rca-deepnote	Deepnote	sources[2]	https://deepnote.com/docs/security-overview	reachable	206	https://deepnote.com/docs/security-overview	text/html	Security overview - Deepnote docs		2026-07-14T07:10:59+00:00
rca-deepnote	Deepnote	sources[3]	https://deepnote.com/enterprise	reachable	206	https://deepnote.com/enterprise	text/html	Enterprise data science platform for secure, collaborative workflows		2026-07-14T07:10:59+00:00
rca-deepnote	Deepnote	sources[4]	https://deepnote.com/docs/local-setup	reachable	206	https://deepnote.com/docs/local-setup	text/html	How to set up Deepnote locally - Deepnote docs		2026-07-14T07:10:59+00:00
rca-deepnote	Deepnote	sources[5]	https://deepnote.com/docs/acceptable-use-policy	reachable	206	https://deepnote.com/docs/acceptable-use-policy	text/html	Acceptable use policy - Deepnote docs		2026-07-14T07:10:59+00:00
rca-deepnote	Deepnote	sources[6]	https://deepnote.com/docs/ai-custom-models	reachable	206	https://deepnote.com/docs/ai-custom-models	text/html	Custom AI Models - Deepnote docs		2026-07-14T07:10:59+00:00
rca-devin	Devin	links.docs	https://docs.devin.ai	reachable	200	https://docs.devin.ai/get-started/devin-intro	text/html	Introducing Devin - Devin Docs		2026-07-14T07:11:01+00:00
rca-devin	Devin	links.pricing	https://devin.ai/pricing	reachable	206	https://devin.ai/pricing	text/html	Plans and Pricing | Devin		2026-07-14T07:10:59+00:00
rca-devin	Devin	links.privacy	https://cognition.com/legal/privacy-policy	reachable	200	https://cognition.com/legal/privacy-policy	text/html	Privacy Policy | Cognition		2026-07-14T07:10:59+00:00
rca-devin	Devin	sources[0]	https://cognition.com/legal/platform-terms-of-service	reachable	200	https://cognition.com/legal/platform-terms-of-service	text/html	Platform Terms of Service | Cognition		2026-07-14T07:10:59+00:00
rca-devin	Devin	sources[1]	https://docs.devin.ai/enterprise/deployment/overview	reachable	200	https://docs.devin.ai/enterprise/deployment/overview	text/html	Enterprise Deployment - Devin Docs		2026-07-14T07:11:01+00:00
rca-devin	Devin	sources[2]	https://docs.devin.ai/admin/billing/self-serve	reachable	200	https://docs.devin.ai/admin/billing/self-serve	text/html	Self-serve plans - Devin Docs		2026-07-14T07:11:01+00:00
rca-devin	Devin	sources[3]	https://docs.devin.ai/admin/billing	reachable	200	https://docs.devin.ai/admin/billing	text/html	Billing - Devin Docs		2026-07-14T07:11:01+00:00
rca-devin	Devin	sources[4]	https://cognition.com/legal/security	reachable	200	https://cognition.com/legal/security	text/html	Cognition Security | Cognition		2026-07-14T07:10:59+00:00
rca-devin	Devin	sources[5]	https://cognition.com/documents/Cognition-DPA.pdf	reachable	206	https://cognition.com/documents/Cognition-DPA.pdf	application/pdf			2026-07-14T07:10:59+00:00
rca-gemini-cli	Gemini CLI	links.docs	https://github.com/google-gemini/gemini-cli	reachable	206	https://github.com/google-gemini/gemini-cli	text/html	GitHub - google-gemini/gemini-cli: An open-source AI agent that brings the power of Gemini directly into your terminal. · GitHub		2026-07-14T07:11:05+00:00
rca-gemini-cli	Gemini CLI	links.pricing	https://google-gemini.github.io/gemini-cli/docs/quota-and-pricing.html	reachable	206	https://google-gemini.github.io/gemini-cli/docs/quota-and-pricing.html	text/html	Gemini CLI: Quotas and Pricing | gemini-cli		2026-07-14T07:11:05+00:00
rca-gemini-cli	Gemini CLI	links.privacy	https://google-gemini.github.io/gemini-cli/docs/tos-privacy.html	reachable	206	https://google-gemini.github.io/gemini-cli/docs/tos-privacy.html	text/html	Gemini CLI: Terms of Service and Privacy Notice | gemini-cli		2026-07-14T07:11:05+00:00
rca-gemini-cli	Gemini CLI	sources[0]	https://developers.googleblog.com/an-important-update-transitioning-gemini-cli-to-antigravity-cli/	reachable	200	https://developers.googleblog.com/an-important-update-transitioning-gemini-cli-to-antigravity-cli/	text/html	An important update: Transitioning Gemini CLI to Antigravity CLI - Google Developers Blog		2026-07-14T07:10:59+00:00
rca-gemini-cli	Gemini CLI	sources[1]	https://github.com/google-gemini/gemini-cli/discussions/27274	reachable	206	https://github.com/google-gemini/gemini-cli/discussions/27274	text/html	An important update: Transitioning Gemini CLI to Antigravity CLI · google-gemini gemini-cli · Discussion #27274 · GitHub		2026-07-14T07:11:05+00:00
rca-gemini-cli	Gemini CLI	sources[2]	https://google-gemini.github.io/gemini-cli/docs/tos-privacy.html	reachable	206	https://google-gemini.github.io/gemini-cli/docs/tos-privacy.html	text/html	Gemini CLI: Terms of Service and Privacy Notice | gemini-cli		2026-07-14T07:11:05+00:00
rca-gemini-cli	Gemini CLI	sources[3]	https://google-gemini.github.io/gemini-cli/docs/quota-and-pricing.html	reachable	206	https://google-gemini.github.io/gemini-cli/docs/quota-and-pricing.html	text/html	Gemini CLI: Quotas and Pricing | gemini-cli		2026-07-14T07:11:05+00:00
rca-github-copilot	GitHub Copilot	links.docs	https://docs.github.com/en/copilot	reachable	206	https://docs.github.com/en/copilot	text/html	GitHub Copilot documentation - GitHub Docs		2026-07-14T07:11:01+00:00
rca-github-copilot	GitHub Copilot	links.pricing	https://github.com/features/copilot/plans	reachable	206	https://github.com/features/copilot/plans	text/html	GitHub Copilot · Plans & pricing · GitHub		2026-07-14T07:11:05+00:00
rca-github-copilot	GitHub Copilot	links.privacy	https://github.blog/news-insights/company-news/updates-to-github-copilot-interaction-data-usage-policy/	reachable	200	https://github.blog/news-insights/company-news/updates-to-github-copilot-interaction-data-usage-policy/	text/html	Updates to GitHub Copilot interaction data usage policy - The GitHub Blog		2026-07-14T07:11:03+00:00
rca-github-copilot	GitHub Copilot	sources[0]	https://github.com/features/copilot/plans	reachable	206	https://github.com/features/copilot/plans	text/html	GitHub Copilot · Plans & pricing · GitHub		2026-07-14T07:11:05+00:00
rca-github-copilot	GitHub Copilot	sources[1]	https://docs.github.com/en/copilot/get-started/plans	reachable	206	https://docs.github.com/en/copilot/get-started/plans	text/html	Plans for GitHub Copilot - GitHub Docs		2026-07-14T07:11:01+00:00
rca-github-copilot	GitHub Copilot	sources[2]	https://docs.github.com/en/copilot/how-tos/manage-your-account/manage-policies	reachable	206	https://docs.github.com/en/copilot/how-tos/manage-your-account/manage-policies	text/html	Managing GitHub Copilot policies as an individual subscriber - GitHub Docs		2026-07-14T07:11:01+00:00
rca-github-copilot	GitHub Copilot	sources[3]	https://github.blog/changelog/2026-04-13-copilot-data-residency-in-us-eu-and-fedramp-compliance-now-available/	reachable	200	https://github.blog/changelog/2026-04-13-copilot-data-residency-in-us-eu-and-fedramp-compliance-now-available/	text/html	Data residency (US + EU) and FedRAMP-authorized models now available in Copilot - GitHub Changelog		2026-07-14T07:11:02+00:00
rca-github-copilot	GitHub Copilot	sources[4]	https://github.blog/changelog/2026-06-01-updates-to-github-copilot-billing-and-plans/	reachable	200	https://github.blog/changelog/2026-06-01-updates-to-github-copilot-billing-and-plans/	text/html	Updates to GitHub Copilot billing and plans - GitHub Changelog		2026-07-14T07:11:02+00:00
rca-google-antigravity	Google Antigravity	links.docs	https://developers.googleblog.com/build-with-google-antigravity-our-new-agentic-development-platform/	reachable	200	https://developers.googleblog.com/build-with-google-antigravity-our-new-agentic-development-platform/	text/html	Build with Google Antigravity, our new agentic development platform - Google Developers Blog		2026-07-14T07:10:59+00:00
rca-google-antigravity	Google Antigravity	links.pricing	https://antigravity.google/pricing	reachable	206	https://antigravity.google/pricing	text/html	Google Antigravity		2026-07-14T07:10:57+00:00
rca-google-antigravity	Google Antigravity	links.privacy	https://antigravity.google/terms	reachable	206	https://antigravity.google/terms	text/html	Google Antigravity		2026-07-14T07:10:57+00:00
rca-google-antigravity	Google Antigravity	sources[0]	https://antigravity.google/terms	reachable	206	https://antigravity.google/terms	text/html	Google Antigravity		2026-07-14T07:10:57+00:00
rca-google-antigravity	Google Antigravity	sources[1]	https://antigravity.google/blog/google-antigravity-for-enterprises	reachable	206	https://antigravity.google/blog/google-antigravity-for-enterprises	text/html	Google Antigravity		2026-07-14T07:10:57+00:00
rca-google-antigravity	Google Antigravity	sources[2]	https://antigravity.google/blog/changes-to-antigravity-plans	reachable	206	https://antigravity.google/blog/changes-to-antigravity-plans	text/html	Google Antigravity		2026-07-14T07:10:57+00:00
rca-google-antigravity	Google Antigravity	sources[3]	https://developers.googleblog.com/build-with-google-antigravity-our-new-agentic-development-platform/	reachable	200	https://developers.googleblog.com/build-with-google-antigravity-our-new-agentic-development-platform/	text/html	Build with Google Antigravity, our new agentic development platform - Google Developers Blog		2026-07-14T07:10:59+00:00
rca-google-colab-data-science-agent	Google Colab (Data Science Agent)	links.docs	https://docs.cloud.google.com/colab/docs/use-data-science-agent	reachable	200	https://docs.cloud.google.com/colab/docs/use-data-science-agent	text/html	Use the Data Science Agent | Colab Enterprise | Google Cloud Documentation		2026-07-14T07:10:59+00:00
rca-google-colab-data-science-agent	Google Colab (Data Science Agent)	links.pricing	https://cloud.google.com/vertex-ai/pricing	reachable	200	https://cloud.google.com/products/gemini-enterprise-agent-platform/pricing	text/html	Gemini Enterprise Agent Platform pricing | Google Cloud		2026-07-14T07:10:57+00:00
rca-google-colab-data-science-agent	Google Colab (Data Science Agent)	links.privacy	https://docs.cloud.google.com/gemini/docs/discover/data-governance	reachable	200	https://docs.cloud.google.com/gemini/docs/discover/data-governance	text/html	How Gemini for Google Cloud uses your data | Google Cloud Documentation		2026-07-14T07:11:00+00:00
rca-google-colab-data-science-agent	Google Colab (Data Science Agent)	sources[0]	https://research.google.com/colaboratory/faq.html	reachable	206	https://research.google.com/colaboratory/faq.html	text/html	Google Colab		2026-07-14T07:11:11+00:00
rca-google-colab-data-science-agent	Google Colab (Data Science Agent)	sources[1]	https://docs.cloud.google.com/colab/docs/use-data-science-agent	reachable	200	https://docs.cloud.google.com/colab/docs/use-data-science-agent	text/html	Use the Data Science Agent | Colab Enterprise | Google Cloud Documentation		2026-07-14T07:10:59+00:00
rca-google-colab-data-science-agent	Google Colab (Data Science Agent)	sources[2]	https://cloud.google.com/colab/pricing	reachable	200	https://cloud.google.com/colab/pricing	text/html	Colab pricing | Google Cloud		2026-07-14T07:10:57+00:00
rca-goose	Goose	links.docs	https://goose-docs.ai	reachable	206	https://goose-docs.ai	text/html	goose | Your open source AI agent		2026-07-14T07:11:05+00:00
rca-goose	Goose	links.privacy	https://goose-docs.ai/docs/guides/usage-data/	reachable	206	https://goose-docs.ai/docs/guides/usage-data/	text/html	Anonymous Usage Data | goose | Your open source AI agent		2026-07-14T07:11:06+00:00
rca-goose	Goose	sources[0]	https://goose-docs.ai/docs/guides/usage-data/	reachable	206	https://goose-docs.ai/docs/guides/usage-data/	text/html	Anonymous Usage Data | goose | Your open source AI agent		2026-07-14T07:11:06+00:00
rca-goose	Goose	sources[1]	https://goose-docs.ai/docs/guides/environment-variables/	reachable	206	https://goose-docs.ai/docs/guides/environment-variables/	text/html	Environment Variables | goose | Your open source AI agent		2026-07-14T07:11:05+00:00
rca-goose	Goose	sources[2]	https://github.com/aaif-goose/goose	reachable	206	https://github.com/aaif-goose/goose	text/html	GitHub - aaif-goose/goose: an open source, extensible AI agent that goes beyond code suggestions - install, execute, edit, and test with any LLM · GitHub		2026-07-14T07:11:03+00:00
rca-goose	Goose	sources[3]	https://www.linuxfoundation.org/press/linux-foundation-announces-the-formation-of-the-agentic-ai-foundation	reachable	200	https://www.linuxfoundation.org/press/linux-foundation-announces-the-formation-of-the-agentic-ai-foundation	text/html	Linux Foundation Announces the Formation of the Agentic AI Foundation (AAIF), Anchored by New Project Contributions Including Model Context Protocol (MCP), goose and AGENTS.md		2026-07-14T07:11:13+00:00
rca-gptme	gptme	links.docs	https://gptme.org/docs/index.html	reachable	206	https://gptme.org/docs/index.html	text/html	gptme documentation — gptme		2026-07-14T07:11:06+00:00
rca-gptme	gptme	links.pricing	https://gptme.org/	reachable	206	https://gptme.org/	text/html	gptme - agent in your terminal		2026-07-14T07:11:06+00:00
rca-gptme	gptme	links.privacy	https://gptme.org/docs/security.html	reachable	206	https://gptme.org/docs/security.html	text/html	Security Considerations — gptme		2026-07-14T07:11:06+00:00
rca-gptme	gptme	sources[0]	https://gptme.org/docs/providers.html	reachable	206	https://gptme.org/docs/providers.html	text/html	Providers — gptme		2026-07-14T07:11:06+00:00
rca-gptme	gptme	sources[1]	https://gptme.org/docs/getting-started.html	reachable	206	https://gptme.org/docs/getting-started.html	text/html	Getting Started — gptme		2026-07-14T07:11:06+00:00
rca-gptme	gptme	sources[2]	https://gptme.org/docs/security.html	reachable	206	https://gptme.org/docs/security.html	text/html	Security Considerations — gptme		2026-07-14T07:11:06+00:00
rca-gptme	gptme	sources[3]	https://gptme.org/docs/contributing.html	reachable	206	https://gptme.org/docs/contributing.html	text/html	Contributing — gptme		2026-07-14T07:11:06+00:00
rca-gptme	gptme	sources[4]	https://gptme.ai/pricing	reachable	200	https://gptme.ai/pricing	text/html	gptme - Your Personal AI Agent		2026-07-14T07:11:06+00:00
rca-hex-magic	Hex Magic	links.docs	https://learn.hex.tech/docs	reachable	200	https://learn.hex.tech/docs	text/html	What is Hex | Learn | Hex Technologies		2026-07-14T07:11:09+00:00
rca-hex-magic	Hex Magic	links.pricing	https://hex.tech/pricing/	reachable	200	https://hex.tech/pricing/	text/html	Hex Pricing: Plans for Every Data Team | Hex		2026-07-14T07:11:06+00:00
rca-hex-magic	Hex Magic	links.privacy	https://learn.hex.tech/docs/trust/ai-data-privacy	reachable	200	https://learn.hex.tech/docs/trust/ai-data-privacy	text/html	AI data privacy | Learn | Hex Technologies		2026-07-14T07:11:09+00:00
rca-hex-magic	Hex Magic	sources[0]	https://learn.hex.tech/docs/trust/ai-data-privacy	reachable	200	https://learn.hex.tech/docs/trust/ai-data-privacy	text/html	AI data privacy | Learn | Hex Technologies		2026-07-14T07:11:09+00:00
rca-hex-magic	Hex Magic	sources[1]	https://hex.tech/security/	reachable	200	https://hex.tech/security/	text/html	Security | Hex		2026-07-14T07:11:06+00:00
rca-hex-magic	Hex Magic	sources[2]	https://trust.hex.tech	reachable	200	https://trust.hex.tech	text/html	Hex Trust Center | Powered by Conveyor		2026-07-14T07:11:12+00:00
rca-hex-magic	Hex Magic	sources[3]	https://hex.tech/pricing/	reachable	200	https://hex.tech/pricing/	text/html	Hex Pricing: Plans for Every Data Team | Hex		2026-07-14T07:11:06+00:00
rca-hex-magic	Hex Magic	sources[4]	https://hex.tech/blog/hipaa-multi-tenant/	reachable	200	https://hex.tech/blog/hipaa-multi-tenant/	text/html	Introducing Hex HIPAA multi-tenant | Hex		2026-07-14T07:11:06+00:00
rca-jetbrains-datalore	JetBrains Datalore	links.docs	https://www.jetbrains.com/help/datalore/	reachable	206	https://www.jetbrains.com/help/datalore/home.html	text/html	Datalore documentation home page | Datalore Documentation		2026-07-14T07:11:13+00:00
rca-jetbrains-datalore	JetBrains Datalore	links.pricing	https://www.jetbrains.com/datalore/buy/	reachable	206	https://www.jetbrains.com/datalore/buy/	text/html	Datalore Pricing: Choose Your Datalore plan		2026-07-14T07:11:13+00:00
rca-jetbrains-datalore	JetBrains Datalore	links.privacy	https://www.jetbrains.com/legal/docs/privacy/privacy/	reachable	206	https://www.jetbrains.com/legal/docs/privacy/privacy/	text/html	Privacy Notice		2026-07-14T07:11:13+00:00
rca-jetbrains-datalore	JetBrains Datalore	sources[0]	https://www.jetbrains.com/datalore/buy/	reachable	206	https://www.jetbrains.com/datalore/buy/	text/html	Datalore Pricing: Choose Your Datalore plan		2026-07-14T07:11:13+00:00
rca-jetbrains-datalore	JetBrains Datalore	sources[1]	https://www.jetbrains.com/help/datalore/configure-ai-assistance.html	reachable	206	https://www.jetbrains.com/help/datalore/configure-ai-assistance.html	text/html	Configure AI assistance | Datalore Documentation		2026-07-14T07:11:13+00:00
rca-jetbrains-datalore	JetBrains Datalore	sources[2]	https://www.jetbrains.com/help/datalore/datalore-on-premises.html	reachable	206	https://www.jetbrains.com/help/datalore/datalore-on-premises.html	text/html	Install Datalore On-Premises | Datalore Documentation		2026-07-14T07:11:13+00:00
rca-jetbrains-datalore	JetBrains Datalore	sources[3]	https://www.jetbrains.com/help/datalore/frequently-asked-questions.html	reachable	206	https://www.jetbrains.com/help/datalore/frequently-asked-questions.html	text/html	Frequently Asked Questions | Datalore Documentation		2026-07-14T07:11:13+00:00
rca-jetbrains-datalore	JetBrains Datalore	sources[4]	https://www.jetbrains.com/help/ai-assistant/how-we-handle-your-code-and-data.html	reachable	206	https://www.jetbrains.com/help/ai-assistant/how-we-handle-your-code-and-data.html	text/html	Data handling | AI Assistant Documentation		2026-07-14T07:11:13+00:00
rca-jetbrains-junie	JetBrains Junie	links.docs	https://junie.jetbrains.com/docs/	reachable	206	https://junie.jetbrains.com/docs/	text/html			2026-07-14T07:11:08+00:00
rca-jetbrains-junie	JetBrains Junie	links.pricing	https://www.jetbrains.com/help/ai-assistant/licensing-and-subscriptions.html	reachable	206	https://www.jetbrains.com/help/ai-assistant/licensing-and-subscriptions.html	text/html	JetBrains AI plans and usage | AI Assistant Documentation		2026-07-14T07:11:13+00:00
rca-jetbrains-junie	JetBrains Junie	links.privacy	https://www.jetbrains.com/legal/docs/terms/jetbrains-ai-service/	reachable	206	https://www.jetbrains.com/legal/docs/terms/jetbrains-ai-service/	text/html	JetBrains AI Terms of Service (AI Assistant, Junie)		2026-07-14T07:11:13+00:00
rca-jetbrains-junie	JetBrains Junie	sources[0]	https://junie.jetbrains.com/docs/custom-llm-ollama.html	reachable	206	https://junie.jetbrains.com/docs/custom-llm-ollama.html	text/html	Ollama | Junie Documentation		2026-07-14T07:11:08+00:00
rca-jetbrains-junie	JetBrains Junie	sources[1]	https://junie.jetbrains.com/docs/custom-llm-models.html	reachable	206	https://junie.jetbrains.com/docs/custom-llm-models.html	text/html	Custom LLMs | Junie Documentation		2026-07-14T07:11:08+00:00
rca-jetbrains-junie	JetBrains Junie	sources[2]	https://www.jetbrains.com/help/ai-assistant/how-we-handle-your-code-and-data.html	reachable	206	https://www.jetbrains.com/help/ai-assistant/how-we-handle-your-code-and-data.html	text/html	Data handling | AI Assistant Documentation		2026-07-14T07:11:13+00:00
rca-jetbrains-junie	JetBrains Junie	sources[3]	https://www.jetbrains.com/legal/docs/terms/product_data_collection/	reachable	206	https://www.jetbrains.com/legal/docs/terms/product_data_collection/	text/html	Product Data Collection and Usage Notice		2026-07-14T07:11:13+00:00
rca-jetbrains-junie	JetBrains Junie	sources[4]	https://www.jetbrains.com/help/ai-assistant/licensing-and-subscriptions.html	reachable	206	https://www.jetbrains.com/help/ai-assistant/licensing-and-subscriptions.html	text/html	JetBrains AI plans and usage | AI Assistant Documentation		2026-07-14T07:11:13+00:00
rca-jules	Jules	links.docs	https://jules.google/docs/api/reference	reachable	206	https://jules.google/docs/api/reference	text/html	Quickstart | Jules		2026-07-14T07:11:07+00:00
rca-jules	Jules	links.pricing	https://jules.google.com/	reachable	200	https://jules.google.com/	text/html			2026-07-14T07:11:06+00:00
rca-jules	Jules	links.privacy	https://cloud.google.com/terms/cloud-privacy-notice	reachable	200	https://cloud.google.com/terms/cloud-privacy-notice	text/html	Google Cloud Privacy Notice		2026-07-14T07:10:57+00:00
rca-jules	Jules	sources[0]	https://jules.google/docs/usage-limits	reachable	206	https://jules.google/docs/usage-limits	text/html	Limits and Plans | Jules		2026-07-14T07:11:08+00:00
rca-jules	Jules	sources[1]	https://jules.google/docs/faq/	reachable	206	https://jules.google/docs/faq/	text/html	FAQ | Jules		2026-07-14T07:11:08+00:00
rca-jules	Jules	sources[2]	https://jules.google/docs/environment/	reachable	206	https://jules.google/docs/environment/	text/html	Environment setup | Jules		2026-07-14T07:11:08+00:00
rca-jules	Jules	sources[3]	https://jules.google/docs/changelog/	reachable	206	https://jules.google/docs/changelog/	text/html	Changelog | Jules		2026-07-14T07:11:07+00:00
rca-julius-ai	Julius AI	links.docs	https://julius.ai/docs/get-started/privacy-and-data-security	restricted	403	https://julius.ai/docs/get-started/privacy-and-data-security	text/html	Just a moment...	HTTPError	2026-07-14T07:11:08+00:00
rca-julius-ai	Julius AI	links.pricing	https://julius.ai/pricing	restricted	403	https://julius.ai/pricing	text/html	Just a moment...	HTTPError	2026-07-14T07:11:08+00:00
rca-julius-ai	Julius AI	links.privacy	https://julius.ai/privacy-policy	restricted	403	https://julius.ai/privacy-policy	text/html	Just a moment...	HTTPError	2026-07-14T07:11:08+00:00
rca-julius-ai	Julius AI	sources[0]	https://julius.ai/privacy-policy	restricted	403	https://julius.ai/privacy-policy	text/html	Just a moment...	HTTPError	2026-07-14T07:11:08+00:00
rca-julius-ai	Julius AI	sources[1]	https://julius.ai/security	restricted	403	https://julius.ai/security	text/html	Just a moment...	HTTPError	2026-07-14T07:11:08+00:00
rca-julius-ai	Julius AI	sources[2]	https://julius.ai/legal/dpa	restricted	403	https://julius.ai/legal/dpa	text/html	Just a moment...	HTTPError	2026-07-14T07:11:08+00:00
rca-julius-ai	Julius AI	sources[3]	https://julius.ai/pricing	restricted	403	https://julius.ai/pricing	text/html	Just a moment...	HTTPError	2026-07-14T07:11:08+00:00
rca-julius-ai	Julius AI	sources[4]	https://julius.ai/docs/get-started/privacy-and-data-security	restricted	403	https://julius.ai/docs/get-started/privacy-and-data-security	text/html	Just a moment...	HTTPError	2026-07-14T07:11:08+00:00
rca-jupyter-ai	Jupyter AI	links.docs	https://jupyter-ai.readthedocs.io/en/latest/	reachable	200	https://jupyter-ai.readthedocs.io/en/latest/	text/html	Jupyter AI		2026-07-14T07:11:08+00:00
rca-jupyter-ai	Jupyter AI	links.pricing	https://github.com/jupyterlab/jupyter-ai	reachable	206	https://github.com/jupyterlab/jupyter-ai	text/html	GitHub - jupyterlab/jupyter-ai: An open source extension that connects AI agents to computational notebooks in JupyterLab. · GitHub		2026-07-14T07:11:05+00:00
rca-jupyter-ai	Jupyter AI	links.privacy	https://jupyter.org/privacy	reachable	206	https://jupyter.org/privacy	text/html	Project Jupyter | Data Privacy		2026-07-14T07:11:08+00:00
rca-jupyter-ai	Jupyter AI	sources[0]	https://github.com/jupyterlab/jupyter-ai	reachable	206	https://github.com/jupyterlab/jupyter-ai	text/html	GitHub - jupyterlab/jupyter-ai: An open source extension that connects AI agents to computational notebooks in JupyterLab. · GitHub		2026-07-14T07:11:05+00:00
rca-jupyter-ai	Jupyter AI	sources[1]	https://jupyter-ai.readthedocs.io/en/latest/	reachable	200	https://jupyter-ai.readthedocs.io/en/latest/	text/html	Jupyter AI		2026-07-14T07:11:08+00:00
rca-jupyter-ai	Jupyter AI	sources[2]	https://jupyter.org/privacy	reachable	206	https://jupyter.org/privacy	text/html	Project Jupyter | Data Privacy		2026-07-14T07:11:08+00:00
rca-jupyter-ai	Jupyter AI	sources[3]	https://github.com/jupyterlab/jupyter-ai/releases	reachable	206	https://github.com/jupyterlab/jupyter-ai/releases	text/html	Releases · jupyterlab/jupyter-ai · GitHub		2026-07-14T07:11:05+00:00
rca-kilo-code	Kilo Code	links.docs	https://kilo.ai/docs/getting-started	reachable	200	https://kilo.ai/docs/getting-started	text/html	Introduction to Kilo Code		2026-07-14T07:11:08+00:00
rca-kilo-code	Kilo Code	links.pricing	https://kilo.ai/pricing	reachable	200	https://kilo.ai/pricing	text/html	Kilo Code Pricing: Free Tier + Pay-As-You-Go, No Subscription		2026-07-14T07:11:08+00:00
rca-kilo-code	Kilo Code	links.privacy	https://kilo.ai/privacy	reachable	200	https://kilo.ai/privacy	text/html	Privacy Policy		2026-07-14T07:11:08+00:00
rca-kilo-code	Kilo Code	sources[0]	https://kilo.ai/pricing	reachable	200	https://kilo.ai/pricing	text/html	Kilo Code Pricing: Free Tier + Pay-As-You-Go, No Subscription		2026-07-14T07:11:08+00:00
rca-kilo-code	Kilo Code	sources[1]	https://kilo.ai/security-and-compliance	reachable	200	https://kilo.ai/security-and-compliance	text/html	Kilo Security and Compliance | Enterprise AI Governance		2026-07-14T07:11:08+00:00
rca-kilo-code	Kilo Code	sources[2]	https://kilo.ai/privacy	reachable	200	https://kilo.ai/privacy	text/html	Privacy Policy		2026-07-14T07:11:08+00:00
rca-kilo-code	Kilo Code	sources[3]	https://kilo.ai/terms	reachable	200	https://kilo.ai/terms	text/html	Terms of Service		2026-07-14T07:11:08+00:00
rca-kilo-code	Kilo Code	sources[4]	https://kilo.ai/docs/ai-providers/ollama	reachable	200	https://kilo.ai/docs/ai-providers/ollama	text/html	Using Ollama with Kilo Code | Run Local Models		2026-07-14T07:11:08+00:00
rca-kilo-code	Kilo Code	sources[5]	https://kilo.ai/docs/customize/context/codebase-indexing	reachable	200	https://kilo.ai/docs/customize/context/codebase-indexing	text/html	Codebase Indexing		2026-07-14T07:11:08+00:00
rca-kilo-code	Kilo Code	sources[6]	https://github.com/Kilo-Org/kilocode	reachable	206	https://github.com/Kilo-Org/kilocode	text/html	GitHub - Kilo-Org/kilocode: Kilo is the all-in-one agentic engineering platform. Build, ship, and iterate faster with the most popular open source coding agent. · GitHub		2026-07-14T07:11:03+00:00
rca-kiro	Kiro	links.docs	https://kiro.dev/docs/	reachable	206	https://kiro.dev/docs/	text/html	Get started - IDE - Docs - Kiro		2026-07-14T07:11:08+00:00
rca-kiro	Kiro	links.pricing	https://kiro.dev/pricing/	reachable	206	https://kiro.dev/pricing/	text/html	Pricing - Kiro		2026-07-14T07:11:09+00:00
rca-kiro	Kiro	links.privacy	https://kiro.dev/docs/privacy-and-security/data-protection/	reachable	206	https://kiro.dev/docs/privacy-and-security/data-protection/	text/html	Data protection - IDE - Docs - Kiro		2026-07-14T07:11:09+00:00
rca-kiro	Kiro	sources[0]	https://kiro.dev/docs/privacy-and-security/data-protection/	reachable	206	https://kiro.dev/docs/privacy-and-security/data-protection/	text/html	Data protection - IDE - Docs - Kiro		2026-07-14T07:11:09+00:00
rca-kiro	Kiro	sources[1]	https://kiro.dev/docs/privacy-and-security/compliance-validation/	reachable	206	https://kiro.dev/docs/privacy-and-security/compliance-validation/	text/html	Compliance validation for Kiro - IDE - Docs - Kiro		2026-07-14T07:11:09+00:00
rca-kiro	Kiro	sources[2]	https://kiro.dev/pricing/	reachable	206	https://kiro.dev/pricing/	text/html	Pricing - Kiro		2026-07-14T07:11:09+00:00
rca-kiro	Kiro	sources[3]	https://kiro.dev/docs/	reachable	206	https://kiro.dev/docs/	text/html	Get started - IDE - Docs - Kiro		2026-07-14T07:11:08+00:00
rca-kiro	Kiro	sources[4]	https://kiro.dev/docs/web/data-protection/	reachable	206	https://kiro.dev/docs/web/data-protection/	text/html	Data protection - Web - Docs - Kiro		2026-07-14T07:11:09+00:00
rca-kiro-cli	Kiro CLI	links.docs	https://kiro.dev/docs/cli/	reachable	206	https://kiro.dev/docs/cli/	text/html	Get started - CLI - Docs - Kiro		2026-07-14T07:11:08+00:00
rca-kiro-cli	Kiro CLI	links.pricing	https://kiro.dev/pricing/	reachable	206	https://kiro.dev/pricing/	text/html	Pricing - Kiro		2026-07-14T07:11:09+00:00
rca-kiro-cli	Kiro CLI	links.privacy	https://kiro.dev/docs/cli/privacy-and-security/data-protection/	reachable	206	https://kiro.dev/docs/cli/privacy-and-security/data-protection/	text/html	Data protection - CLI - Docs - Kiro		2026-07-14T07:11:09+00:00
rca-kiro-cli	Kiro CLI	sources[0]	https://kiro.dev/docs/cli/privacy-and-security/data-protection/	reachable	206	https://kiro.dev/docs/cli/privacy-and-security/data-protection/	text/html	Data protection - CLI - Docs - Kiro		2026-07-14T07:11:09+00:00
rca-kiro-cli	Kiro CLI	sources[1]	https://kiro.dev/docs/cli/privacy-and-security/compliance-validation/	reachable	206	https://kiro.dev/docs/cli/privacy-and-security/compliance-validation/	text/html	Compliance validation for Kiro - CLI - Docs - Kiro		2026-07-14T07:11:09+00:00
rca-kiro-cli	Kiro CLI	sources[2]	https://kiro.dev/pricing/	reachable	206	https://kiro.dev/pricing/	text/html	Pricing - Kiro		2026-07-14T07:11:09+00:00
rca-kiro-cli	Kiro CLI	sources[3]	https://kiro.dev/docs/cli/	reachable	206	https://kiro.dev/docs/cli/	text/html	Get started - CLI - Docs - Kiro		2026-07-14T07:11:08+00:00
rca-marimo	marimo	links.docs	https://docs.marimo.io/	reachable	206	https://docs.marimo.io/	text/html	marimo - Documentation for the Reactive Python Notebook - marimo		2026-07-14T07:11:02+00:00
rca-marimo	marimo	links.pricing	https://molab.marimo.io/notebooks	reachable	200	https://molab.marimo.io/notebooks	text/html	molab | marimo		2026-07-14T07:11:10+00:00
rca-marimo	marimo	links.privacy	https://marimo.io/pages/legal/privacy	reachable	200	https://docs.coreweave.com/policies/terms-of-service/privacy-policy	text/html	Privacy Policy - CoreWeave Docs		2026-07-14T07:11:10+00:00
rca-marimo	marimo	sources[0]	https://docs.marimo.io/guides/editor_features/ai_completion/	reachable	206	https://docs.marimo.io/guides/editor_features/ai_completion/	text/html	Using the marimo editor's AI features - marimo		2026-07-14T07:11:02+00:00
rca-marimo	marimo	sources[1]	https://docs.marimo.io/guides/molab/	reachable	206	https://docs.marimo.io/guides/molab/	text/html	Run in the cloud with molab - marimo		2026-07-14T07:11:02+00:00
rca-marimo	marimo	sources[2]	https://molab.marimo.io/pages/legal/terms	reachable	200	https://molab.marimo.io/pages/legal/terms	text/html	Terms of Service | marimo		2026-07-14T07:11:10+00:00
rca-marimo	marimo	sources[3]	https://marimo.io/pages/legal/subprocessors	reachable	200	https://marimo.io/pages/legal/subprocessors	text/html	Subprocessors | marimo		2026-07-14T07:11:10+00:00
rca-marimo	marimo	sources[4]	https://marimo.io/pages/legal/privacy	reachable	200	https://docs.coreweave.com/policies/terms-of-service/privacy-policy	text/html	Privacy Policy - CoreWeave Docs		2026-07-14T07:11:10+00:00
rca-marimo	marimo	sources[5]	https://github.com/marimo-team/marimo	reachable	206	https://github.com/marimo-team/marimo	text/html	GitHub - marimo-team/marimo: A reactive notebook for Python — run reproducible experiments, query with SQL, execute as a script, deploy as an app, and version with git. Stored as pure Python. All in a modern, AI-native editor. · GitHub		2026-07-14T07:11:05+00:00
rca-mini-swe-agent	mini-SWE-agent	links.docs	https://mini-swe-agent.com/latest/quickstart/	reachable	206	https://mini-swe-agent.com/latest/quickstart/	text/html	Quick start - mini-SWE-agent documentation		2026-07-14T07:11:10+00:00
rca-mini-swe-agent	mini-SWE-agent	links.pricing	https://github.com/SWE-agent/mini-swe-agent	reachable	206	https://github.com/SWE-agent/mini-swe-agent	text/html	GitHub - SWE-agent/mini-swe-agent: The 100 line AI agent that solves GitHub issues or helps you in your command line. Radically simple, no huge configs, no giant monorepo—but scores >74% on SWE-bench verified! · GitHub		2026-07-14T07:11:03+00:00
rca-mini-swe-agent	mini-SWE-agent	links.privacy	https://mini-swe-agent.com/latest/models/local_models/	reachable	206	https://mini-swe-agent.com/latest/models/local_models/	text/html	Local models - mini-SWE-agent documentation		2026-07-14T07:11:10+00:00
rca-mini-swe-agent	mini-SWE-agent	sources[0]	https://mini-swe-agent.com/latest/quickstart/	reachable	206	https://mini-swe-agent.com/latest/quickstart/	text/html	Quick start - mini-SWE-agent documentation		2026-07-14T07:11:10+00:00
rca-mini-swe-agent	mini-SWE-agent	sources[1]	https://mini-swe-agent.com/latest/models/local_models/	reachable	206	https://mini-swe-agent.com/latest/models/local_models/	text/html	Local models - mini-SWE-agent documentation		2026-07-14T07:11:10+00:00
rca-mini-swe-agent	mini-SWE-agent	sources[2]	https://mini-swe-agent.com/latest/advanced/environments/	reachable	206	https://mini-swe-agent.com/latest/advanced/environments/	text/html	Environments - mini-SWE-agent documentation		2026-07-14T07:11:10+00:00
rca-mini-swe-agent	mini-SWE-agent	sources[3]	https://github.com/SWE-agent/mini-swe-agent/releases	reachable	206	https://github.com/SWE-agent/mini-swe-agent/releases	text/html	Releases · SWE-agent/mini-swe-agent · GitHub		2026-07-14T07:11:03+00:00
rca-mistral-vibe	Mistral Vibe	links.docs	https://docs.mistral.ai/vibe/code/cli/offline-models	reachable	200	https://docs.mistral.ai/vibe/code/cli/offline-models	text/html	Using offline models | Mistral Docs		2026-07-14T07:11:02+00:00
rca-mistral-vibe	Mistral Vibe	links.pricing	https://mistral.ai/products/vibe/code/	reachable	206	https://mistral.ai/products/vibe/code/	text/html	Mistral Vibe | AI coding agent for terminal, IDE by Mistral.		2026-07-14T07:11:10+00:00
rca-mistral-vibe	Mistral Vibe	links.privacy	https://legal.mistral.ai/terms/privacy-policy	reachable	206	https://legal.mistral.ai/terms/privacy-policy	text/html	Privacy Policy | Mistral AI		2026-07-14T07:11:09+00:00
rca-mistral-vibe	Mistral Vibe	sources[0]	https://help.mistral.ai/en/articles/347617-do-you-use-my-user-data-to-train-your-artificial-intelligence-models	reachable	200	https://help.mistral.ai/en/articles/347617-do-you-use-my-user-data-to-train-your-artificial-intelligence-models	text/html	Do you use my user data to train your Artificial Intelligence models? | Mistral Help Center		2026-07-14T07:11:06+00:00
rca-mistral-vibe	Mistral Vibe	sources[1]	https://help.mistral.ai/en/articles/347612-can-i-activate-zero-data-retention-zdr	reachable	200	https://help.mistral.ai/en/articles/347612-can-i-activate-zero-data-retention-zdr	text/html	Can I activate Zero Data Retention (ZDR)? | Mistral Help Center		2026-07-14T07:11:06+00:00
rca-mistral-vibe	Mistral Vibe	sources[2]	https://legal.mistral.ai/terms/privacy-policy	reachable	206	https://legal.mistral.ai/terms/privacy-policy	text/html	Privacy Policy | Mistral AI		2026-07-14T07:11:09+00:00
rca-mistral-vibe	Mistral Vibe	sources[3]	https://mistral.ai/pricing/	reachable	206	https://mistral.ai/pricing/	text/html	Pricing | Mistral		2026-07-14T07:11:10+00:00
rca-mistral-vibe	Mistral Vibe	sources[4]	https://mistral.ai/products/vibe/code/	reachable	206	https://mistral.ai/products/vibe/code/	text/html	Mistral Vibe | AI coding agent for terminal, IDE by Mistral.		2026-07-14T07:11:10+00:00
rca-mistral-vibe	Mistral Vibe	sources[5]	https://docs.mistral.ai/vibe/code/cli/offline-models	reachable	200	https://docs.mistral.ai/vibe/code/cli/offline-models	text/html	Using offline models | Mistral Docs		2026-07-14T07:11:02+00:00
rca-mistral-vibe	Mistral Vibe	sources[6]	https://github.com/mistralai/mistral-vibe	reachable	206	https://github.com/mistralai/mistral-vibe	text/html	GitHub - mistralai/mistral-vibe: Minimal CLI coding agent by Mistral · GitHub		2026-07-14T07:11:05+00:00
rca-ollama	Ollama	links.docs	https://github.com/ollama/ollama	reachable	206	https://github.com/ollama/ollama	text/html	GitHub - ollama/ollama: Get up and running with Kimi-K2.6, GLM-5.1, MiniMax, DeepSeek, gpt-oss, Qwen, Gemma and other models. · GitHub		2026-07-14T07:11:05+00:00
rca-ollama	Ollama	links.pricing	https://ollama.com/pricing	reachable	200	https://ollama.com/pricing	text/html	Pricing · Ollama		2026-07-14T07:11:10+00:00
rca-ollama	Ollama	links.privacy	https://ollama.com/privacy	reachable	200	https://ollama.com/privacy	text/html	Privacy Policy		2026-07-14T07:11:10+00:00
rca-ollama	Ollama	sources[0]	https://ollama.com/privacy	reachable	200	https://ollama.com/privacy	text/html	Privacy Policy		2026-07-14T07:11:10+00:00
rca-ollama	Ollama	sources[1]	https://ollama.com/pricing	reachable	200	https://ollama.com/pricing	text/html	Pricing · Ollama		2026-07-14T07:11:10+00:00
rca-ollama	Ollama	sources[2]	https://github.com/ollama/ollama	reachable	206	https://github.com/ollama/ollama	text/html	GitHub - ollama/ollama: Get up and running with Kimi-K2.6, GLM-5.1, MiniMax, DeepSeek, gpt-oss, Qwen, Gemma and other models. · GitHub		2026-07-14T07:11:05+00:00
rca-ollama	Ollama	sources[3]	https://ollama.com/blog/launch	reachable	200	https://ollama.com/blog/launch	text/html	ollama launch · Ollama Blog		2026-07-14T07:11:10+00:00
rca-ollama	Ollama	sources[4]	https://github.com/ollama/ollama/releases	reachable	206	https://github.com/ollama/ollama/releases	text/html	Releases · ollama/ollama · GitHub		2026-07-14T07:11:05+00:00
rca-open-interpreter	Open Interpreter	links.docs	https://www.openinterpreter.com/cli	reachable	200	https://www.openinterpreter.com/cli	text/html	Open Interpreter CLI: open source AI coding agent		2026-07-14T07:11:13+00:00
rca-open-interpreter	Open Interpreter	links.pricing	https://www.openinterpreter.com/	reachable	200	https://www.openinterpreter.com/	text/html	Open Interpreter CLI: open source AI coding agent		2026-07-14T07:11:13+00:00
rca-open-interpreter	Open Interpreter	links.privacy	https://www.openinterpreter.com/privacy	reachable	200	https://www.openinterpreter.com/privacy	text/html	Interpreter: The Desktop Agent		2026-07-14T07:11:13+00:00
rca-open-interpreter	Open Interpreter	sources[0]	https://www.openinterpreter.com/	reachable	200	https://www.openinterpreter.com/	text/html	Open Interpreter CLI: open source AI coding agent		2026-07-14T07:11:13+00:00
rca-open-interpreter	Open Interpreter	sources[1]	https://www.openinterpreter.com/cli	reachable	200	https://www.openinterpreter.com/cli	text/html	Open Interpreter CLI: open source AI coding agent		2026-07-14T07:11:13+00:00
rca-open-interpreter	Open Interpreter	sources[2]	https://github.com/openinterpreter/openinterpreter	reachable	206	https://github.com/openinterpreter/openinterpreter	text/html	GitHub - openinterpreter/openinterpreter: A lightweight coding agent, optimized for open models like GLM, Deepseek, and Kimi · GitHub		2026-07-14T07:11:05+00:00
rca-open-interpreter	Open Interpreter	sources[3]	https://www.openinterpreter.com/privacy	reachable	200	https://www.openinterpreter.com/privacy	text/html	Interpreter: The Desktop Agent		2026-07-14T07:11:13+00:00
rca-openai-codex	OpenAI Codex	links.docs	https://learn.chatgpt.com/docs	reachable	206	https://learn.chatgpt.com/docs	text/html	ChatGPT | ChatGPT Learn		2026-07-14T07:11:09+00:00
rca-openai-codex	OpenAI Codex	links.pricing	https://learn.chatgpt.com/docs/pricing	reachable	206	https://learn.chatgpt.com/docs/pricing	text/html	Pricing | ChatGPT Learn		2026-07-14T07:11:09+00:00
rca-openai-codex	OpenAI Codex	links.privacy	https://openai.com/business-data/	restricted	403	https://openai.com/business-data/	text/html		HTTPError	2026-07-14T07:11:10+00:00
rca-openai-codex	OpenAI Codex	sources[0]	https://developers.openai.com/api/docs/guides/your-data	reachable	206	https://developers.openai.com/api/docs/guides/your-data	text/html	Data controls in the OpenAI platform		2026-07-14T07:10:59+00:00
rca-openai-codex	OpenAI Codex	sources[1]	https://openai.com/business-data/	restricted	403	https://openai.com/business-data/	text/html		HTTPError	2026-07-14T07:11:10+00:00
rca-openai-codex	OpenAI Codex	sources[2]	https://openai.com/business/pricing/	restricted	403	https://openai.com/business/pricing/	text/html		HTTPError	2026-07-14T07:11:10+00:00
rca-openai-codex	OpenAI Codex	sources[3]	https://openai.com/index/codex-flexible-pricing-for-teams/	restricted	403	https://openai.com/index/codex-flexible-pricing-for-teams/	text/html		HTTPError	2026-07-14T07:11:11+00:00
rca-openai-codex	OpenAI Codex	sources[4]	https://help.openai.com/en/articles/20001147-codex-credits-for-students-terms-of-service	restricted	403	https://help.openai.com/en/articles/20001147-codex-credits-for-students-terms-of-service	text/html		HTTPError	2026-07-14T07:11:06+00:00
rca-opencode	OpenCode	links.docs	https://opencode.ai/docs/enterprise/	reachable	200	https://opencode.ai/docs/enterprise/	text/html	Enterprise | OpenCode		2026-07-14T07:11:11+00:00
rca-opencode	OpenCode	links.pricing	https://opencode.ai/zen	reachable	200	https://opencode.ai/zen	text/html	OpenCode Zen | A curated set of reliable optimized models for coding agents		2026-07-14T07:11:11+00:00
rca-opencode	OpenCode	links.privacy	https://opencode.ai/legal/privacy-policy	reachable	200	https://opencode.ai/legal/privacy-policy	text/html	OpenCode | Privacy Policy		2026-07-14T07:11:11+00:00
rca-opencode	OpenCode	sources[0]	https://opencode.ai/legal/privacy-policy	reachable	200	https://opencode.ai/legal/privacy-policy	text/html	OpenCode | Privacy Policy		2026-07-14T07:11:11+00:00
rca-opencode	OpenCode	sources[1]	https://opencode.ai/legal/terms-of-service	reachable	200	https://opencode.ai/legal/terms-of-service	text/html	OpenCode | Terms of Service		2026-07-14T07:11:11+00:00
rca-opencode	OpenCode	sources[2]	https://opencode.ai/docs/providers/	reachable	200	https://opencode.ai/docs/providers/	text/html	Providers | OpenCode		2026-07-14T07:11:11+00:00
rca-opencode	OpenCode	sources[3]	https://opencode.ai/docs/zen/	reachable	200	https://opencode.ai/docs/zen/	text/html	Zen | OpenCode		2026-07-14T07:11:11+00:00
rca-opencode	OpenCode	sources[4]	https://opencode.ai/docs/share/	reachable	200	https://opencode.ai/docs/share/	text/html	Share | OpenCode		2026-07-14T07:11:11+00:00
rca-opencode	OpenCode	sources[5]	https://opencode.ai/docs/enterprise/	reachable	200	https://opencode.ai/docs/enterprise/	text/html	Enterprise | OpenCode		2026-07-14T07:11:11+00:00
rca-opencode	OpenCode	sources[6]	https://github.com/anomalyco/opencode	reachable	206	https://github.com/anomalyco/opencode	text/html	GitHub - anomalyco/opencode: The open source coding agent. · GitHub		2026-07-14T07:11:03+00:00
rca-openhands	OpenHands	links.docs	https://docs.openhands.dev/overview/introduction	reachable	200	https://docs.openhands.dev/overview/introduction	text/html	Introduction - OpenHands Docs		2026-07-14T07:11:02+00:00
rca-openhands	OpenHands	links.pricing	https://www.openhands.dev/pricing	reachable	200	https://www.openhands.dev/pricing	text/html	OpenHands Pricing | Start Building for Free		2026-07-14T07:11:13+00:00
rca-openhands	OpenHands	links.privacy	https://www.openhands.dev/privacy	reachable	200	https://www.openhands.dev/privacy	text/html	Privacy Policy		2026-07-14T07:11:13+00:00
rca-openhands	OpenHands	sources[0]	https://www.openhands.dev/privacy	reachable	200	https://www.openhands.dev/privacy	text/html	Privacy Policy		2026-07-14T07:11:13+00:00
rca-openhands	OpenHands	sources[1]	https://www.openhands.dev/pricing	reachable	200	https://www.openhands.dev/pricing	text/html	OpenHands Pricing | Start Building for Free		2026-07-14T07:11:13+00:00
rca-openhands	OpenHands	sources[2]	https://docs.openhands.dev/overview/introduction	reachable	200	https://docs.openhands.dev/overview/introduction	text/html	Introduction - OpenHands Docs		2026-07-14T07:11:02+00:00
rca-openhands	OpenHands	sources[3]	https://docs.openhands.dev/enterprise	reachable	200	https://docs.openhands.dev/enterprise	text/html	OpenHands Enterprise - OpenHands Docs		2026-07-14T07:11:02+00:00
rca-openhands	OpenHands	sources[4]	https://github.com/All-Hands-AI/OpenHands/releases	reachable	206	https://github.com/OpenHands/OpenHands/releases	text/html	Releases · OpenHands/OpenHands · GitHub		2026-07-14T07:11:03+00:00
rca-posit-ai-posit-assistant	Posit AI / Posit Assistant	links.docs	https://docs.posit.co/posit-ai/	reachable	206	https://docs.posit.co/posit-ai/	text/html	Posit AI Documentation		2026-07-14T07:11:02+00:00
rca-posit-ai-posit-assistant	Posit AI / Posit Assistant	links.pricing	https://posit.co/products/ai	reachable	206	https://posit.co/products/ai	text/html	Posit AI | AI for Data Science with R and Python		2026-07-14T07:11:11+00:00
rca-posit-ai-posit-assistant	Posit AI / Posit Assistant	links.privacy	https://posit.co/about/privacy-policy	reachable	206	https://posit.co/about/privacy-policy	text/html	Privacy Policy | Posit Software, PBC		2026-07-14T07:11:11+00:00
rca-posit-ai-posit-assistant	Posit AI / Posit Assistant	sources[0]	https://docs.posit.co/posit-ai/user/faq/	reachable	206	https://docs.posit.co/posit-ai/user/faq/	text/html	Frequently asked questions – Posit AI Documentation		2026-07-14T07:11:02+00:00
rca-posit-ai-posit-assistant	Posit AI / Posit Assistant	sources[1]	https://docs.posit.co/ide/user/ide/guide/tools/posit-ai.html	reachable	206	https://docs.posit.co/ide/user/ide/guide/tools/posit-ai.html	text/html	Posit Assistant – RStudio User Guide		2026-07-14T07:11:02+00:00
rca-posit-ai-posit-assistant	Posit AI / Posit Assistant	sources[2]	https://docs.posit.co/ide/server-pro/admin/positron_sessions/positron-assistant.html	reachable	206	https://docs.posit.co/ide/server-pro/admin/positron_sessions/positron-assistant.html	text/html	Positron Assistant – Workbench Documentation Release 2026.06.0		2026-07-14T07:11:02+00:00
rca-posit-ai-posit-assistant	Posit AI / Posit Assistant	sources[3]	https://posit.co/blog/posit-ai-priced-long-run	reachable	206	https://posit.co/blog/posit-ai-priced-long-run	text/html	Posit AI is priced for the long run | Posit		2026-07-14T07:11:11+00:00
rca-replit-agent	Replit Agent	links.docs	https://docs.replit.com/build/welcome	reachable	200	https://docs.replit.com/build/welcome	text/html	Replit Docs		2026-07-14T07:11:02+00:00
rca-replit-agent	Replit Agent	links.pricing	https://replit.com/pricing	reachable	200	https://replit.com/pricing	text/html	Pricing - Replit		2026-07-14T07:11:11+00:00
rca-replit-agent	Replit Agent	links.privacy	https://replit.com/privacy-policy	reachable	200	https://replit.com/privacy-policy	text/html	Privacy Policy - Replit		2026-07-14T07:11:11+00:00
rca-replit-agent	Replit Agent	sources[0]	https://replit.com/commercial-agreement	reachable	200	https://replit.com/commercial-agreement	text/html	Commercial Agreement - Replit		2026-07-14T07:11:11+00:00
rca-replit-agent	Replit Agent	sources[1]	https://replit.com/dpa/	reachable	200	https://replit.com/dpa	text/html	Data Processing Agreement - Replit		2026-07-14T07:11:11+00:00
rca-replit-agent	Replit Agent	sources[2]	https://replit.com/privacy-policy/	reachable	200	https://replit.com/privacy-policy	text/html	Privacy Policy - Replit		2026-07-14T07:11:11+00:00
rca-replit-agent	Replit Agent	sources[3]	https://replit.com/pricing	reachable	200	https://replit.com/pricing	text/html	Pricing - Replit		2026-07-14T07:11:11+00:00
rca-replit-agent	Replit Agent	sources[4]	https://replit.com/blog/introducing-agent-4-built-for-creativity	reachable	200	https://replit.com/blog/introducing-agent-4-built-for-creativity	text/html	Replit — Introducing Replit Agent 4: Built for Creativity | Blog		2026-07-14T07:11:11+00:00
rca-replit-agent	Replit Agent	sources[5]	https://replit.com/blog/whats-changed-agent3-to-agent4	reachable	200	https://replit.com/blog/whats-changed-agent3-to-agent4	text/html	Replit — What’s changed from Replit Agent 3 to Agent 4		2026-07-14T07:11:11+00:00
rca-runcell	Runcell	links.docs	https://www.runcell.dev/docs	reachable	200	https://www.runcell.dev/docs	text/html	About Runcell		2026-07-14T07:11:13+00:00
rca-runcell	Runcell	links.pricing	https://www.runcell.dev/pricing	reachable	200	https://www.runcell.dev/pricing	text/html	Runcell Pricing | Plans for AI-Powered Jupyter Assistance		2026-07-14T07:11:13+00:00
rca-runcell	Runcell	links.privacy	https://www.runcell.dev/privacy	reachable	200	https://www.runcell.dev/privacy	text/html	Runcell Privacy Policy		2026-07-14T07:11:14+00:00
rca-runcell	Runcell	sources[0]	https://www.runcell.dev/pricing	reachable	200	https://www.runcell.dev/pricing	text/html	Runcell Pricing | Plans for AI-Powered Jupyter Assistance		2026-07-14T07:11:13+00:00
rca-runcell	Runcell	sources[1]	https://www.runcell.dev/privacy	reachable	200	https://www.runcell.dev/privacy	text/html	Runcell Privacy Policy		2026-07-14T07:11:14+00:00
rca-runcell	Runcell	sources[2]	https://www.runcell.dev/terms	reachable	200	https://www.runcell.dev/terms	text/html	Runcell Terms of Service		2026-07-14T07:11:14+00:00
rca-runcell	Runcell	sources[3]	https://www.runcell.dev/docs/credits-consumption-by-feature	reachable	200	https://www.runcell.dev/docs/credits-consumption-by-feature	text/html	Credits Consumption by Feature		2026-07-14T07:11:13+00:00
rca-sourcegraph-cody	Sourcegraph Cody	links.docs	https://sourcegraph.com/docs/cody	reachable	200	https://sourcegraph.com/docs/cody	text/html	Cody - Sourcegraph docs		2026-07-14T07:11:11+00:00
rca-sourcegraph-cody	Sourcegraph Cody	links.pricing	https://sourcegraph.com/pricing	reachable	206	https://sourcegraph.com/pricing	text/html	Pricing | Sourcegraph		2026-07-14T07:11:12+00:00
rca-sourcegraph-cody	Sourcegraph Cody	links.privacy	https://sourcegraph.com/terms/cody-notice	reachable	206	https://sourcegraph.com/terms/cody-notice	text/html	Cody Enterprise Terms of Use | Sourcegraph		2026-07-14T07:11:12+00:00
rca-sourcegraph-cody	Sourcegraph Cody	sources[0]	https://sourcegraph.com/terms/cody-notice	reachable	206	https://sourcegraph.com/terms/cody-notice	text/html	Cody Enterprise Terms of Use | Sourcegraph		2026-07-14T07:11:12+00:00
rca-sourcegraph-cody	Sourcegraph Cody	sources[1]	https://sourcegraph.com/docs/model-provider	reachable	200	https://sourcegraph.com/docs/model-provider	text/html	Sourcegraph Model Provider - Sourcegraph docs		2026-07-14T07:11:12+00:00
rca-sourcegraph-cody	Sourcegraph Cody	sources[2]	https://sourcegraph.com/pricing	reachable	206	https://sourcegraph.com/pricing	text/html	Pricing | Sourcegraph		2026-07-14T07:11:12+00:00
rca-sourcegraph-cody	Sourcegraph Cody	sources[3]	https://sourcegraph.com/docs/cody/faq	reachable	200	https://sourcegraph.com/docs/cody/faq	text/html	Cody FAQs - Sourcegraph docs		2026-07-14T07:11:11+00:00
rca-sourcegraph-cody	Sourcegraph Cody	sources[4]	https://sourcegraph.com/blog/changes-to-cody-free-pro-and-enterprise-starter-plans	reachable	200	https://sourcegraph.com/blog/changes-to-cody-free-pro-and-enterprise-starter-plans	text/html	Changes to Cody Free, Pro, and Enterprise Starter plans | Sourcegraph		2026-07-14T07:11:11+00:00
rca-sourcegraph-cody	Sourcegraph Cody	sources[5]	https://sourcegraph.com/changelog/releases	reachable	200	https://sourcegraph.com/changelog/releases	text/html	Releases | Sourcegraph		2026-07-14T07:11:11+00:00
rca-tabby	Tabby	links.docs	https://tabby.tabbyml.com/docs/	reachable	206	https://tabby.tabbyml.com/docs/	text/html			2026-07-14T07:11:12+00:00
rca-tabby	Tabby	links.pricing	https://www.tabbyml.com/pricing	reachable	200	https://www.tabbyml.com/pricing	text/html	Pricing | Tabby		2026-07-14T07:11:14+00:00
rca-tabby	Tabby	links.privacy	https://www.tabbyml.com/privacy	reachable	200	https://www.tabbyml.com/privacy	text/html	Privacy		2026-07-14T07:11:14+00:00
rca-tabby	Tabby	sources[0]	https://www.tabbyml.com/pricing	reachable	200	https://www.tabbyml.com/pricing	text/html	Pricing | Tabby		2026-07-14T07:11:14+00:00
rca-tabby	Tabby	sources[1]	https://github.com/TabbyML/pochi	reachable	206	https://github.com/TabbyML/pochi	text/html	GitHub - TabbyML/pochi · GitHub		2026-07-14T07:11:03+00:00
rca-tabby	Tabby	sources[2]	https://github.com/TabbyML/tabby	reachable	206	https://github.com/TabbyML/tabby	text/html	GitHub - TabbyML/tabby: Self-hosted AI coding assistant · GitHub		2026-07-14T07:11:03+00:00
rca-tabby	Tabby	sources[3]	https://tabby.tabbyml.com/docs/administration/usage-collection/	reachable	206	https://tabby.tabbyml.com/docs/administration/usage-collection/	text/html	Usage Collection | Tabby		2026-07-14T07:11:12+00:00
rca-tabby	Tabby	sources[4]	https://tabby.tabbyml.com/docs/extensions/configurations/	reachable	206	https://tabby.tabbyml.com/docs/extensions/configurations/	text/html	Configuration | Tabby		2026-07-14T07:11:12+00:00
rca-tabby	Tabby	sources[5]	https://www.tabbyml.com/privacy	reachable	200	https://www.tabbyml.com/privacy	text/html	Privacy		2026-07-14T07:11:14+00:00
rca-tabnine	Tabnine	links.docs	https://docs.tabnine.com	reachable	200	https://docs.tabnine.com/main	text/html	Overview | Tabnine Docs		2026-07-14T07:11:02+00:00
rca-tabnine	Tabnine	links.pricing	https://www.tabnine.com/pricing/	reachable	206	https://www.tabnine.com/pricing/	text/html	Plans & Pricing | Tabnine: The AI code assistant that you control		2026-07-14T07:11:14+00:00
rca-tabnine	Tabnine	links.privacy	https://docs.tabnine.com/main/welcome/readme/privacy	reachable	200	https://docs.tabnine.com/main/welcome/readme/privacy	text/html	Privacy | Tabnine Docs		2026-07-14T07:11:02+00:00
rca-tabnine	Tabnine	sources[0]	https://docs.tabnine.com/main/administering-tabnine/managing-your-team	reachable	200	https://docs.tabnine.com/main/administering-tabnine/managing-your-team	text/html	Private Installation | Tabnine Docs		2026-07-14T07:11:02+00:00
rca-tabnine	Tabnine	sources[1]	https://docs.tabnine.com/main/welcome/readme/security	reachable	200	https://docs.tabnine.com/main/welcome/readme/security	text/html	Security | Tabnine Docs		2026-07-14T07:11:02+00:00
rca-tabnine	Tabnine	sources[2]	https://trust.tabnine.com/	reachable	200	https://trust.tabnine.com/	text/html	Tabnine Trust Center | Powered by SafeBase		2026-07-14T07:11:12+00:00
rca-tabnine	Tabnine	sources[3]	https://www.tabnine.com/pricing/	reachable	206	https://www.tabnine.com/pricing/	text/html	Plans & Pricing | Tabnine: The AI code assistant that you control		2026-07-14T07:11:14+00:00
rca-warp	Warp	links.docs	https://docs.warp.dev	reachable	206	https://docs.warp.dev	text/html	Getting started with Warp and Oz | Warp		2026-07-14T07:11:02+00:00
rca-warp	Warp	links.pricing	https://www.warp.dev/pricing	reachable	200	https://www.warp.dev/pricing	text/html	Pricing | Warp		2026-07-14T07:11:14+00:00
rca-warp	Warp	links.privacy	https://www.warp.dev/privacy	reachable	200	https://www.warp.dev/privacy	text/html	Privacy Overview | Warp		2026-07-14T07:11:14+00:00
rca-warp	Warp	sources[0]	https://docs.warp.dev/support-and-community/privacy-and-security/privacy	reachable	206	https://docs.warp.dev/support-and-community/privacy-and-security/privacy	text/html	Privacy and data control | Warp		2026-07-14T07:11:02+00:00
rca-warp	Warp	sources[1]	https://docs.warp.dev/enterprise/security-and-compliance/security-overview	reachable	206	https://docs.warp.dev/enterprise/security-and-compliance/security-overview	text/html	Security overview | Warp		2026-07-14T07:11:02+00:00
rca-warp	Warp	sources[2]	https://www.warp.dev/legal/privacy-policy	reachable	200	https://www.warp.dev/legal/privacy-policy	text/html	Privacy Policy | Warp		2026-07-14T07:11:14+00:00
rca-warp	Warp	sources[3]	https://www.warp.dev/legal/security	reachable	200	https://www.warp.dev/legal/security	text/html	Security | Warp		2026-07-14T07:11:14+00:00
rca-warp	Warp	sources[4]	https://www.warp.dev/legal/data-processing-addendum	reachable	200	https://www.warp.dev/legal/data-processing-addendum	text/html	Data Processing Addendum | Warp		2026-07-14T07:11:14+00:00
rca-warp	Warp	sources[5]	https://www.warp.dev/pricing	reachable	200	https://www.warp.dev/pricing	text/html	Pricing | Warp		2026-07-14T07:11:14+00:00
rca-windsurf	Windsurf	links.docs	https://docs.devin.ai/desktop/getting-started	reachable	200	https://docs.devin.ai/desktop/getting-started	text/html	Welcome to Devin Desktop - Devin Docs		2026-07-14T07:11:01+00:00
rca-windsurf	Windsurf	links.pricing	https://devin.ai/pricing	reachable	206	https://devin.ai/pricing	text/html	Plans and Pricing | Devin		2026-07-14T07:10:59+00:00
rca-windsurf	Windsurf	links.privacy	https://cognition.com/legal/privacy-policy	reachable	200	https://cognition.com/legal/privacy-policy	text/html	Privacy Policy | Cognition		2026-07-14T07:10:59+00:00
rca-windsurf	Windsurf	sources[0]	https://cognition.com/blog/introducing-devin-desktop	reachable	200	https://cognition.com/blog/introducing-devin-desktop	text/html	Introducing Devin Desktop | Cognition		2026-07-14T07:10:59+00:00
rca-windsurf	Windsurf	sources[1]	https://cognition.com/legal/platform-terms-of-service	reachable	200	https://cognition.com/legal/platform-terms-of-service	text/html	Platform Terms of Service | Cognition		2026-07-14T07:10:59+00:00
rca-windsurf	Windsurf	sources[2]	https://cognition.com/legal/privacy-policy	reachable	200	https://cognition.com/legal/privacy-policy	text/html	Privacy Policy | Cognition		2026-07-14T07:10:59+00:00
rca-windsurf	Windsurf	sources[3]	https://docs.devin.ai/enterprise/deployment/overview	reachable	200	https://docs.devin.ai/enterprise/deployment/overview	text/html	Enterprise Deployment - Devin Docs		2026-07-14T07:11:01+00:00
rca-windsurf	Windsurf	sources[4]	https://docs.devin.ai/admin/billing/self-serve	reachable	200	https://docs.devin.ai/admin/billing/self-serve	text/html	Self-serve plans - Devin Docs		2026-07-14T07:11:01+00:00
rca-windsurf	Windsurf	sources[5]	https://cognition.com/documents/Cognition-DPA.pdf	reachable	206	https://cognition.com/documents/Cognition-DPA.pdf	application/pdf			2026-07-14T07:10:59+00:00
rca-zed	Zed	links.docs	https://zed.dev/docs/ai/overview	reachable	200	https://zed.dev/docs/ai/overview	text/html	Overview | AI in Zed		2026-07-14T07:11:14+00:00
rca-zed	Zed	links.pricing	https://zed.dev/pricing	reachable	200	https://zed.dev/pricing	text/html	Zed — Pricing		2026-07-14T07:11:14+00:00
rca-zed	Zed	links.privacy	https://zed.dev/docs/ai/privacy-and-security	reachable	200	https://zed.dev/docs/ai/privacy-and-security	text/html	AI Privacy | AI Privacy - Zed		2026-07-14T07:11:14+00:00
rca-zed	Zed	sources[0]	https://zed.dev/docs/ai/privacy-and-security	reachable	200	https://zed.dev/docs/ai/privacy-and-security	text/html	AI Privacy | AI Privacy - Zed		2026-07-14T07:11:14+00:00
rca-zed	Zed	sources[1]	https://zed.dev/privacy-policy	reachable	200	https://zed.dev/privacy-policy	text/html	Privacy Policy - Zed — Your last next editor		2026-07-14T07:11:14+00:00
rca-zed	Zed	sources[2]	https://zed.dev/pricing	reachable	200	https://zed.dev/pricing	text/html	Zed — Pricing		2026-07-14T07:11:14+00:00
rca-zed	Zed	sources[3]	https://zed.dev/docs/ai/plans-and-usage	reachable	200	https://zed.dev/docs/account/plans-and-pricing	text/html	Plans & Pricing | Plans & Pricing		2026-07-14T07:11:14+00:00
rca-zed	Zed	sources[4]	https://zed.dev/education	reachable	200	https://zed.dev/education	text/html	Zed — Education		2026-07-14T07:11:14+00:00
rca-zed	Zed	sources[5]	https://zed.dev/docs/ai/overview	reachable	200	https://zed.dev/docs/ai/overview	text/html	Overview | AI in Zed		2026-07-14T07:11:14+00:00
rca-zed	Zed	sources[6]	https://github.com/zed-industries/zed	reachable	206	https://github.com/zed-industries/zed	text/html	GitHub - zed-industries/zed: Code at the speed of thought – Zed is a high-performance, multiplayer code editor from the creators of Atom and Tree-sitter. · GitHub		2026-07-14T07:11:05+00:00
